{
  "analysis": "pooled-magnitude (A2a-merged, s222)",
  "n_models_pooled_ci_lb_gt0": 3,
  "panel_magnitude_range": [
    0.1392,
    0.1688
  ],
  "panel_magnitude_mean": 0.1511,
  "mag_arm_billed_usd": 0.842029,
  "mag_arm_calls": 648,
  "mag_arm_missing": 0,
  "mag_stimuli_sha256": "01ee7f2b05dd4e6d06c052d3aee09a16b8f0681b9f9fd875ef2a41ef9f833c68",
  "merged_freq_sha256": "3a80f5fb717999daef72afe238875efdc3c90e0facb6ad5535a782865861a562",
  "models": [
    {
      "model": "claude",
      "n_frames_pooled": 108,
      "n_frames_new": 36,
      "n_frames_prior": 72,
      "pooled_magnitude": 0.1452,
      "pooled_ci95": [
        0.1237,
        0.1672
      ],
      "pooled_frames_pos": "102/108",
      "pooled_sign_p": 0.0,
      "pooled_ci_lb_gt0": true,
      "new36_magnitude": 0.1554,
      "new36_ci95": [
        0.1199,
        0.1937
      ],
      "new36_frames_pos": "35/36",
      "new36_sign_p": 0.0,
      "prior72_magnitude": 0.1401,
      "prior72_ci95": [
        0.1143,
        0.1669
      ],
      "cov_adj_b0": 0.1423,
      "cov_adj_ci95": [
        0.1199,
        0.165
      ],
      "cov_slope_b1": 0.1256,
      "cov_r2": 0.0064
    },
    {
      "model": "gemini",
      "n_frames_pooled": 108,
      "n_frames_new": 36,
      "n_frames_prior": 72,
      "pooled_magnitude": 0.1688,
      "pooled_ci95": [
        0.1404,
        0.1976
      ],
      "pooled_frames_pos": "93/108",
      "pooled_sign_p": 0.0,
      "pooled_ci_lb_gt0": true,
      "new36_magnitude": 0.175,
      "new36_ci95": [
        0.1181,
        0.2347
      ],
      "new36_frames_pos": "30/36",
      "new36_sign_p": 3.5e-05,
      "prior72_magnitude": 0.1657,
      "prior72_ci95": [
        0.1332,
        0.1977
      ],
      "cov_adj_b0": 0.1672,
      "cov_adj_ci95": [
        0.1376,
        0.1972
      ],
      "cov_slope_b1": 0.0692,
      "cov_r2": 0.0011
    },
    {
      "model": "gpt",
      "n_frames_pooled": 108,
      "n_frames_new": 36,
      "n_frames_prior": 72,
      "pooled_magnitude": 0.1392,
      "pooled_ci95": [
        0.1104,
        0.1695
      ],
      "pooled_frames_pos": "88/108",
      "pooled_sign_p": 0.0,
      "pooled_ci_lb_gt0": true,
      "new36_magnitude": 0.1781,
      "new36_ci95": [
        0.1174,
        0.242
      ],
      "new36_frames_pos": "28/36",
      "new36_sign_p": 0.000597,
      "prior72_magnitude": 0.1198,
      "prior72_ci95": [
        0.0899,
        0.1501
      ],
      "cov_adj_b0": 0.1333,
      "cov_adj_ci95": [
        0.1029,
        0.1641
      ],
      "cov_slope_b1": 0.2558,
      "cov_r2": 0.014
    }
  ]
}