{
  "armb_null_p0": 0.225,
  "armb_rho_threshold": 0.5,
  "armb_verbs": [
    "advanced",
    "allocated",
    "alloted",
    "asked",
    "brought",
    "bused",
    "cabled",
    "carried",
    "catapulted",
    "extended",
    "faxed",
    "fed",
    "flew",
    "guaranteed",
    "hauled",
    "heaved",
    "kicked",
    "loaned",
    "paid",
    "pitched",
    "posted",
    "pushed",
    "quoted",
    "relayed",
    "rented",
    "repaid",
    "sent",
    "shot",
    "shoved",
    "slipped",
    "snuck",
    "taught",
    "telephoned",
    "tipped",
    "tossed",
    "traded",
    "trucked",
    "tugged",
    "wheeled",
    "wrote"
  ],
  "canonical_arma_condition": "shortDefinite",
  "condition_order": [
    "pronoun",
    "shortDefinite",
    "shortIndefinite",
    "longDefinite",
    "longIndefinite"
  ],
  "human_arma_collapsed": {
    "addressed": 17.155,
    "administered": 25.326199999999996,
    "admitted": 9.677000000000001,
    "advanced": 32.561,
    "allocated": 29.0346,
    "alloted": 37.6984,
    "announced": 11.6344,
    "articulated": 15.482999999999999,
    "asked": 72.4446,
    "asserted": 16.8472,
    "assigned": 39.8258,
    "awarded": 41.7158,
    "babbled": 16.003,
    "barked": 17.1154,
    "batted": 26.482400000000002,
    "bellowed": 19.244,
    "bequeathed": 32.6586,
    "blabbed": 13.1738,
    "bounced": 23.3556,
    "broadcasted": 18.491000000000003,
    "brought": 42.5644,
    "bused": 29.589,
    "cabled": 36.797599999999996,
    "cackled": 17.5838,
    "carried": 14.5768,
    "carted": 28.285800000000002,
    "catapulted": 24.336400000000005,
    "ceded": 26.515800000000002,
    "chanted": 17.381800000000002,
    "chirped": 21.290200000000002,
    "chucked": 27.107800000000005,
    "cited": 23.193,
    "communicated": 12.5582,
    "conceded": 22.2344,
    "confessed": 12.634,
    "contributed": 16.544400000000003,
    "conveyed": 19.834000000000003,
    "credited": 32.3098,
    "croaked": 20.3046,
    "crooned": 24.828000000000003,
    "declared": 15.250800000000002,
    "delegated": 22.4164,
    "delivered": 22.7154,
    "demonstrated": 14.9214,
    "denounced": 21.108999999999998,
    "described": 11.697,
    "dictated": 17.9936,
    "dispatched": 22.932799999999997,
    "displayed": 16.258200000000002,
    "distributed": 20.7332,
    "donated": 19.419400000000003,
    "dragged": 21.1824,
    "drawled": 23.1384,
    "dropped": 30.9986,
    "drove": 19.4342,
    "emailed": 40.3738,
    "entrusted": 21.784,
    "exhibited": 18.1138,
    "explained": 10.253,
    "explicated": 17.457,
    "expressed": 16.8846,
    "extended": 28.856399999999997,
    "faxed": 40.3556,
    "fed": 42.6312,
    "ferried": 31.870000000000005,
    "flew": 29.3048,
    "flicked": 31.6478,
    "flipped": 38.955400000000004,
    "floated": 30.188199999999995,
    "flung": 30.610999999999997,
    "forfeited": 19.6814,
    "forwarded": 34.821000000000005,
    "furnished": 29.65,
    "gave": 44.971399999999996,
    "granted": 49.52719999999999,
    "groaned": 13.749800000000002,
    "growled": 15.031799999999999,
    "grumbled": 15.593800000000002,
    "grunted": 18.5554,
    "guaranteed": 42.17700000000001,
    "handed": 40.706199999999995,
    "hauled": 24.5184,
    "heaved": 27.059199999999997,
    "hissed": 19.800400000000003,
    "hit": 21.3074,
    "hollered": 17.7916,
    "howled": 18.767,
    "hurled": 25.564600000000002,
    "illustrated": 14.7608,
    "introduced": 16.4004,
    "kicked": 22.709799999999998,
    "leased": 30.8014,
    "lent": 42.7634,
    "lifted": 22.8204,
    "loaned": 38.287,
    "lobbed": 32.364799999999995,
    "lowered": 26.7856,
    "lugged": 25.0202,
    "mailed": 38.9926,
    "mentioned": 9.5658,
    "moaned": 15.274799999999995,
    "mumbled": 17.6654,
    "murmured": 17.0372,
    "muttered": 15.094999999999999,
    "narrated": 16.3624,
    "offered": 46.37660000000001,
    "owed": 53.9842,
    "paid": 51.702,
    "passed": 33.61279999999999,
    "peddled": 31.831,
    "phoned": 41.644600000000004,
    "pitched": 31.6034,
    "posted": 23.871000000000002,
    "preached": 20.2026,
    "presented": 29.293,
    "promised": 50.3996,
    "proposed": 16.9456,
    "provided": 37.059799999999996,
    "pulled": 30.022399999999998,
    "punted": 28.586199999999998,
    "pushed": 22.22,
    "quoted": 26.182599999999997,
    "radioed": 37.7952,
    "raised": 18.784200000000002,
    "read": 30.128800000000002,
    "recited": 17.956200000000003,
    "recommended": 18.3316,
    "recounted": 14.297799999999999,
    "referred": 22.3658,
    "refunded": 34.781600000000005,
    "reimbursed": 35.574,
    "relayed": 26.3102,
    "remitted": 25.532,
    "rented": 30.014799999999997,
    "repaid": 36.6198,
    "repeated": 12.6174,
    "reported": 14.1434,
    "restored": 20.437,
    "returned": 18.217000000000002,
    "revealed": 12.685800000000002,
    "roared": 18.9822,
    "rolled": 26.637999999999998,
    "rowed": 29.3608,
    "said": 6.4398,
    "sang": 30.8404,
    "screamed": 12.3858,
    "screeched": 19.159200000000002,
    "sent": 42.4154,
    "shipped": 34.3498,
    "shot": 42.7916,
    "shouted": 17.2416,
    "shoved": 27.3822,
    "showed": 51.6476,
    "shrieked": 16.7562,
    "shuttled": 28.500199999999996,
    "signaled": 28.25,
    "slammed": 30.6986,
    "slapped": 37.2294,
    "slid": 37.2242,
    "slipped": 40.9528,
    "slung": 32.8234,
    "smuggled": 28.7986,
    "snapped": 23.1776,
    "snarled": 18.2304,
    "snuck": 41.6068,
    "sold": 35.011799999999994,
    "squeaked": 17.336599999999997,
    "squealed": 16.659,
    "stammered": 16.9648,
    "stated": 11.2512,
    "stuttered": 12.8984,
    "submitted": 16.7338,
    "supplied": 33.21939999999999,
    "surrendered": 17.037599999999998,
    "taught": 43.7932,
    "telephoned": 38.3548,
    "threw": 34.0116,
    "tipped": 58.5452,
    "told": 58.8726,
    "took": 20.6904,
    "tossed": 40.4904,
    "towed": 19.3602,
    "traded": 38.0852,
    "transferred": 23.1492,
    "transported": 23.309000000000005,
    "trucked": 28.2776,
    "tugged": 25.5946,
    "tweeted": 31.403600000000004,
    "wailed": 21.799799999999998,
    "warbled": 21.449800000000003,
    "wheeled": 31.694200000000002,
    "whined": 18.1392,
    "whispered": 20.6576,
    "whistled": 21.7176,
    "willed": 30.716,
    "wired": 37.876400000000004,
    "wrote": 37.53340000000001,
    "yelled": 14.450199999999999,
    "yielded": 36.342,
    "yodeled": 22.7802
  },
  "human_arma_matched": {
    "addressed": 16.222,
    "administered": 25.649,
    "admitted": 12.615,
    "advanced": 35.286,
    "allocated": 35.787,
    "alloted": 40.467,
    "announced": 8.851,
    "articulated": 11.96,
    "asked": 82.481,
    "asserted": 22.596,
    "assigned": 50.365,
    "awarded": 46.06,
    "babbled": 18.959,
    "barked": 22.377,
    "batted": 29.648,
    "bellowed": 21.149,
    "bequeathed": 39.362,
    "blabbed": 13.898,
    "bounced": 30.424,
    "broadcasted": 27.25,
    "brought": 49.277,
    "bused": 31.191,
    "cabled": 46.741,
    "cackled": 24.783,
    "carried": 16.118,
    "carted": 32.811,
    "catapulted": 23.74,
    "ceded": 26.82,
    "chanted": 20.042,
    "chirped": 25.062,
    "chucked": 33.587,
    "cited": 25.111,
    "communicated": 13.122,
    "conceded": 24.522,
    "confessed": 12.184,
    "contributed": 17.5,
    "conveyed": 20.14,
    "credited": 41.478,
    "croaked": 20.302,
    "crooned": 33.0,
    "declared": 16.745,
    "delegated": 29.114,
    "delivered": 28.851,
    "demonstrated": 13.648,
    "denounced": 22.37,
    "described": 12.764,
    "dictated": 19.885,
    "dispatched": 25.088,
    "displayed": 19.12,
    "distributed": 23.222,
    "donated": 25.653,
    "dragged": 23.447,
    "drawled": 23.469,
    "dropped": 46.625,
    "drove": 20.173,
    "emailed": 49.096,
    "entrusted": 21.509,
    "exhibited": 16.943,
    "explained": 10.455,
    "explicated": 17.034,
    "expressed": 22.592,
    "extended": 37.653,
    "faxed": 52.196,
    "fed": 45.28,