{
  "panel_verdict": "CONFIRM",
  "n_models_cond_typ": 3,
  "n_models_cond_nonce": 3,
  "n_models_cond_cov": 3,
  "n_models_graded_monotone": 3,
  "stimuli_sha256": "54577d3b39e204b4dd33d609762eae1bdfb0fda3a5a8e4d0108477a1d2b7a478",
  "freq_control_sha256": "313d4ba648eec8e20e8fb53615bfca7fcdddff06495dceed5d07ab4dda43cef0",
  "covariate_corpus_base_rate_s": 0.1786,
  "billed_usd": 1.431107,
  "n_cost_have": 1081,
  "n_cost_missing": 0,
  "models": [
    {
      "model": "claude",
      "verdict": "CONFIRM",
      "cond_typ": true,
      "cond_nonce": true,
      "cond_cov": true,
      "typical_mean_shift": 0.1457,
      "typical_ci95": [
        0.1058,
        0.1886
      ],
      "typical_frames_pos": "33/36",
      "typical_sign_p": 0.0,
      "nonce_mean_shift": 0.1507,
      "nonce_ci95": [
        0.1242,
        0.1788
      ],
      "nonce_frames_pos": "36/36",
      "nonce_sign_p": 0.0,
      "covariate_adjusted_intercept_b0": 0.1436,
      "cov_adj_ci95": [
        0.1015,
        0.1841
      ],
      "covariate_slope_b1": -0.6641,
      "covariate_r2": 0.0127,
      "covariate_propdiff_sd": 0.02135,
      "graded_means_anim_coll_inan": [
        0.6535,
        0.5414,
        0.5078
      ],
      "graded_monotone_anim_gt_coll_gt_inan": true,
      "default_s_pref": 0.5787,
      "data": {
        "n_total": 360,
        "n_NA": 0,
        "n_retried": 0,
        "n_length_trunc": 0
      },
      "per_frame_typical_shift": {
        "t01": 0.175,
        "t02": 0.15,
        "t03": 0.025,
        "t04": 0.175,
        "t05": 0.425,
        "t06": 0.025,
        "t07": 0.325,
        "t08": 0.125,
        "t09": 0.35,
        "t10": 0.125,
        "t11": 0.025,
        "t12": 0.075,
        "t13": 0.025,
        "t14": 0.185,
        "t15": 0.175,
        "t16": -0.075,
        "t17": 0.025,
        "t18": 0.225,
        "t19": 0.07,
        "t20": 0.225,
        "t21": -0.025,
        "t22": 0.35,
        "t23": 0.2,
        "t24": 0.05,
        "t25": 0.335,
        "t26": 0.165,
        "t27": 0.075,
        "t28": 0.075,
        "t29": 0.115,
        "t30": 0.175,
        "t31": -0.05,
        "t32": 0.135,
        "t33": 0.435,
        "t34": 0.195,
        "t35": 0.05,
        "t36": 0.11
      },
      "per_frame_nonce_shift": {
        "n01": 0.035,
        "n02": 0.1,
        "n03": 0.025,
        "n04": 0.285,
        "n05": 0.135,
        "n06": 0.05,
        "n07": 0.05,
        "n08": 0.1,
        "n09": 0.175,
        "n10": 0.15,
        "n11": 0.375,
        "n12": 0.325,
        "n13": 0.16,
        "n14": 0.075,
        "n15": 0.075,
        "n16": 0.225,
        "n17": 0.15,
        "n18": 0.11,
        "n19": 0.25,
        "n20": 0.275,
        "n21": 0.225,
        "n22": 0.165,
        "n23": 0.125,
        "n24": 0.175,
        "n25": 0.15,
        "n26": 0.04,
        "n27": 0.21,
        "n28": 0.175,
        "n29": 0.09,
        "n30": 0.165,
        "n31": 0.075,
        "n32": 0.14,
        "n33": 0.14,
        "n34": 0.25,
        "n35": 0.025,
        "n36": 0.15
      }
    },
    {
      "model": "gemini",
      "verdict": "CONFIRM",
      "cond_typ": true,
      "cond_nonce": true,
      "cond_cov": true,
      "typical_mean_shift": 0.1503,
      "typical_ci95": [
        0.0982,
        0.2048
      ],
      "typical_frames_pos": "29/36",
      "typical_sign_p": 0.00016,
      "nonce_mean_shift": 0.2785,
      "nonce_ci95": [
        0.2257,
        0.3299
      ],
      "nonce_frames_pos": "35/36",
      "nonce_sign_p": 0.0,
      "covariate_adjusted_intercept_b0": 0.1503,
      "cov_adj_ci95": [
        0.0917,
        0.2038
      ],
      "covariate_slope_b1": -0.007,
      "covariate_r2": 0.0,
      "covariate_propdiff_sd": 0.02135,
      "graded_means_anim_coll_inan": [
        0.5392,
        0.4049,
        0.3889
      ],
      "graded_monotone_anim_gt_coll_gt_inan": true,
      "default_s_pref": 0.4676,
      "data": {
        "n_total": 360,
        "n_NA": 0,
        "n_retried": 1,
        "n_length_trunc": 0
      },
      "per_frame_typical_shift": {
        "t01": 0.125,
        "t02": 0.275,
        "t03": 0.15,
        "t04": 0.0,
        "t05": 0.087,
        "t06": 0.125,
        "t07": 0.3,
        "t08": 0.1,
        "t09": 0.375,
        "t10": 0.075,
        "t11": 0.075,
        "t12": 0.125,
        "t13": 0.1,
        "t14": 0.25,
        "t15": 0.425,
        "t16": -0.225,
        "t17": 0.125,
        "t18": 0.325,
        "t19": -0.125,
        "t20": -0.025,
        "t21": 0.0,
        "t22": 0.175,
        "t23": 0.225,
        "t24": 0.075,
        "t25": 0.45,
        "t26": -0.0,
        "t27": 0.1,
        "t28": 0.35,
        "t29": 0.2,
        "t30": 0.3,
        "t31": -0.075,
        "t32": 0.05,
        "t33": 0.55,
        "t34": 0.05,
        "t35": 0.025,
        "t36": 0.275
      },
      "per_frame_nonce_shift": {
        "n01": 0.125,
        "n02": 0.025,
        "n03": 0.225,
        "n04": 0.375,
        "n05": 0.325,
        "n06": 0.3,
        "n07": 0.2,
        "n08": 0.3,
        "n09": 0.375,
        "n10": 0.475,
        "n11": 0.6,
        "n12": 0.625,
        "n13": 0.25,
        "n14": 0.45,
        "n15": 0.4,
        "n16": 0.425,
        "n17": 0.375,
        "n18": 0.35,
        "n19": 0.475,
        "n20": 0.05,
        "n21": 0.475,
        "n22": 0.25,
        "n23": 0.2,
        "n24": 0.125,
        "n25": 0.25,
        "n26": 0.15,
        "n27": 0.4,
        "n28": 0.175,
        "n29": -0.05,
        "n30": 0.3,
        "n31": 0.2,
        "n32": 0.075,
        "n33": 0.15,
        "n34": 0.35,
        "n35": 0.025,
        "n36": 0.225
      }
    },
    {
      "model": "gpt",
      "verdict": "CONFIRM",
      "cond_typ": true,
      "cond_nonce": true,
      "cond_cov": true,
      "typical_mean_shift": 0.099,
      "typical_ci95": [
        0.0549,
        0.1424
      ],
      "typical_frames_pos": "27/36",
      "typical_sign_p": 0.00197,
      "nonce_mean_shift": 0.0778,
      "nonce_ci95": [
        0.0431,
        0.1125
      ],
      "nonce_frames_pos": "25/36",
      "nonce_sign_p": 0.01441,
      "covariate_adjusted_intercept_b0": 0.0983,
      "cov_adj_ci95": [
        0.0484,
        0.1396
      ],
      "covariate_slope_b1": -0.2217,
      "covariate_r2": 0.0012,
      "covariate_propdiff_sd": 0.02135,
      "graded_means_anim_coll_inan": [
        0.6713,
        0.5965,
        0.5722
      ],
      "graded_monotone_anim_gt_coll_gt_inan": true,
      "default_s_pref": 0.6363,
      "data": {
        "n_total": 360,
        "n_NA": 0,
        "n_retried": 0,
        "n_length_trunc": 0
      },
      "per_frame_typical_shift": {
        "t01": 0.125,
        "t02": 0.15,
        "t03": 0.05,
        "t04": 0.25,
        "t05": 0.35,
        "t06": 0.125,
        "t07": 0.1,
        "t08": 0.15,
        "t09": -0.125,
        "t10": -0.025,
        "t11": 0.065,
        "t12": 0.0,
        "t13": 0.325,
        "t14": 0.125,
        "t15": 0.25,
        "t16": -0.25,
        "t17": 0.025,
        "t18": -0.025,
        "t19": -0.05,
        "t20": -0.05,
        "t21": -0.125,
        "t22": 0.1,
        "t23": 0.175,
        "t24": 0.075,
        "t25": 0.2,
        "t26": 0.15,
        "t27": 0.05,
        "t28": 0.025,
        "t29": 0.1,
        "t30": 0.25,
        "t31": 0.325,
        "t32": 0.15,
        "t33": 0.05,
        "t34": 0.175,
        "t35": 0.0,
        "t36": 0.3
      },
      "per_frame_nonce_shift": {
        "n01": 0.0,
        "n02": 0.075,
        "n03": 0.125,
        "n04": 0.25,
        "n05": 0.0,
        "n06": -0.025,
        "n07": 0.175,
        "n08": 0.0,
        "n09": 0.05,
        "n10": 0.2,
        "n11": 0.225,
        "n12": 0.075,
        "n13": 0.05,
        "n14": 0.05,
        "n15": -0.175,
        "n16": 0.1,
        "n17": -0.025,
        "n18": 0.0,
        "n19": 0.175,
        "n20": -0.075,
        "n21": 0.0,
        "n22": 0.125,
        "n23": 0.2,