{
  "panel_verdict": "CONFIRM",
  "n_models_cond_typ": 3,
  "n_models_cond_nonce": 3,
  "n_models_cond_cov": 3,
  "n_models_graded_monotone": 3,
  "stimuli_sha256": "8e27f89da365ca73c8a214b0f516c95266e324ffd15558ea69fca7f11a3ffee4",
  "freq_control_sha256": "4fa63b3636a65ffd76ae67b0eba3f2d0f070ced365a1d2efe142eebaf5f16f8f",
  "covariate_corpus_base_rate_s": 0.1786,
  "billed_usd": 1.164228,
  "n_cost_have": 936,
  "n_cost_missing": 0,
  "models": [
    {
      "model": "claude",
      "verdict": "CONFIRM",
      "cond_typ": true,
      "cond_nonce": true,
      "cond_cov": true,
      "typical_mean_shift": 0.1344,
      "typical_ci95": [
        0.104,
        0.1682
      ],
      "typical_frames_pos": "34/36",
      "typical_sign_p": 0.0,
      "nonce_mean_shift": 0.1094,
      "nonce_ci95": [
        0.0769,
        0.1408
      ],
      "nonce_frames_pos": "22/24",
      "nonce_sign_p": 2e-05,
      "covariate_adjusted_intercept_b0": 0.1329,
      "cov_adj_ci95": [
        0.099,
        0.1697
      ],
      "covariate_slope_b1": 0.1238,
      "covariate_r2": 0.0024,
      "covariate_propdiff_sd": 0.03895,
      "graded_means_anim_coll_inan": [
        0.6958,
        0.5658,
        0.5614
      ],
      "graded_monotone_anim_gt_coll_gt_inan": true,
      "default_s_pref": 0.5945,
      "data": {
        "n_total": 312,
        "n_NA": 0,
        "n_retried": 0,
        "n_length_trunc": 0
      },
      "per_frame_typical_shift": {
        "t01": 0.265,
        "t02": 0.125,
        "t03": 0.05,
        "t04": 0.05,
        "t05": 0.125,
        "t06": 0.05,
        "t07": 0.425,
        "t08": 0.1,
        "t09": 0.14,
        "t10": 0.115,
        "t11": 0.1,
        "t12": 0.025,
        "t13": 0.175,
        "t14": 0.3,
        "t15": 0.09,
        "t16": 0.05,
        "t17": 0.1,
        "t18": 0.075,
        "t19": -0.025,
        "t20": 0.15,
        "t21": 0.3,
        "t22": 0.075,
        "t23": 0.1,
        "t24": 0.025,
        "t25": 0.15,
        "t26": 0.2,
        "t27": 0.09,
        "t28": 0.0,
        "t29": 0.225,
        "t30": 0.225,
        "t31": 0.05,
        "t32": 0.215,
        "t33": 0.225,
        "t34": 0.025,
        "t35": 0.25,
        "t36": 0.2
      },
      "per_frame_nonce_shift": {
        "n01": 0.05,
        "n02": -0.035,
        "n03": 0.05,
        "n04": 0.025,
        "n05": 0.2,
        "n06": 0.085,
        "n07": 0.05,
        "n08": 0.175,
        "n09": 0.05,
        "n10": 0.175,
        "n11": 0.175,
        "n12": 0.2,
        "n13": -0.025,
        "n14": 0.175,
        "n15": 0.1,
        "n16": 0.125,
        "n17": 0.05,
        "n18": 0.1,
        "n19": 0.1,
        "n20": 0.225,
        "n21": 0.24,
        "n22": 0.075,
        "n23": 0.235,
        "n24": 0.025
      }
    },
    {
      "model": "gemini",
      "verdict": "CONFIRM",
      "cond_typ": true,
      "cond_nonce": true,
      "cond_cov": true,
      "typical_mean_shift": 0.181,
      "typical_ci95": [
        0.1465,
        0.2146
      ],
      "typical_frames_pos": "34/36",
      "typical_sign_p": 0.0,
      "nonce_mean_shift": 0.2052,
      "nonce_ci95": [
        0.1583,
        0.2563
      ],
      "nonce_frames_pos": "24/24",
      "nonce_sign_p": 0.0,
      "covariate_adjusted_intercept_b0": 0.1753,
      "cov_adj_ci95": [
        0.1393,
        0.2102
      ],
      "covariate_slope_b1": 0.4732,
      "covariate_r2": 0.032,
      "covariate_propdiff_sd": 0.03895,
      "graded_means_anim_coll_inan": [
        0.6319,
        0.4782,
        0.451
      ],
      "graded_monotone_anim_gt_coll_gt_inan": true,
      "default_s_pref": 0.5043,
      "data": {
        "n_total": 312,
        "n_NA": 0,
        "n_retried": 0,
        "n_length_trunc": 0
      },
      "per_frame_typical_shift": {
        "t01": 0.3,
        "t02": 0.175,
        "t03": 0.025,
        "t04": 0.275,
        "t05": 0.225,
        "t06": 0.04,
        "t07": 0.225,
        "t08": 0.15,
        "t09": 0.125,
        "t10": 0.15,
        "t11": 0.175,
        "t12": 0.0,
        "t13": 0.35,
        "t14": 0.3,
        "t15": 0.225,
        "t16": 0.025,
        "t17": 0.15,
        "t18": 0.125,
        "t19": -0.025,
        "t20": 0.125,
        "t21": 0.4,
        "t22": 0.15,
        "t23": 0.1,
        "t24": 0.05,
        "t25": 0.275,
        "t26": 0.225,
        "t27": 0.15,
        "t28": 0.15,
        "t29": 0.325,
        "t30": 0.275,
        "t31": 0.1,
        "t32": 0.225,
        "t33": 0.3,
        "t34": 0.125,
        "t35": 0.275,
        "t36": 0.25
      },
      "per_frame_nonce_shift": {
        "n01": 0.1,
        "n02": 0.1,
        "n03": 0.15,
        "n04": 0.175,
        "n05": 0.05,
        "n06": 0.075,
        "n07": 0.125,
        "n08": 0.1,
        "n09": 0.175,
        "n10": 0.25,
        "n11": 0.525,
        "n12": 0.175,
        "n13": 0.025,
        "n14": 0.2,
        "n15": 0.1,
        "n16": 0.275,
        "n17": 0.2,
        "n18": 0.425,
        "n19": 0.25,
        "n20": 0.425,
        "n21": 0.3,
        "n22": 0.275,
        "n23": 0.25,
        "n24": 0.2
      }
    },
    {
      "model": "gpt",
      "verdict": "CONFIRM",
      "cond_typ": true,
      "cond_nonce": true,
      "cond_cov": true,
      "typical_mean_shift": 0.1406,
      "typical_ci95": [
        0.0993,
        0.1826
      ],
      "typical_frames_pos": "33/36",
      "typical_sign_p": 0.0,
      "nonce_mean_shift": 0.0552,
      "nonce_ci95": [
        0.0198,
        0.0906
      ],
      "nonce_frames_pos": "16/24",
      "nonce_sign_p": 0.07579,
      "covariate_adjusted_intercept_b0": 0.1483,
      "cov_adj_ci95": [
        0.1042,
        0.191
      ],
      "covariate_slope_b1": -0.6402,
      "covariate_r2": 0.0377,
      "covariate_propdiff_sd": 0.03895,
      "graded_means_anim_coll_inan": [
        0.7153,
        0.5789,
        0.5747
      ],
      "graded_monotone_anim_gt_coll_gt_inan": true,
      "default_s_pref": 0.6295,
      "data": {
        "n_total": 312,
        "n_NA": 0,
        "n_retried": 0,
        "n_length_trunc": 0
      },
      "per_frame_typical_shift": {
        "t01": 0.25,
        "t02": 0.05,
        "t03": 0.025,
        "t04": 0.325,
        "t05": 0.25,
        "t06": 0.175,
        "t07": 0.325,
        "t08": 0.175,
        "t09": 0.225,
        "t10": 0.1,
        "t11": -0.05,
        "t12": 0.1,
        "t13": 0.175,
        "t14": 0.325,
        "t15": 0.225,
        "t16": 0.05,
        "t17": -0.025,
        "t18": 0.075,
        "t19": -0.25,
        "t20": 0.1,
        "t21": 0.4,
        "t22": 0.025,
        "t23": 0.1,
        "t24": 0.225,
        "t25": 0.0,
        "t26": 0.2,
        "t27": 0.16,
        "t28": 0.1,
        "t29": 0.3,
        "t30": 0.275,
        "t31": 0.05,
        "t32": 0.05,
        "t33": 0.225,
        "t34": 0.15,
        "t35": 0.025,
        "t36": 0.15
      },
      "per_frame_nonce_shift": {
        "n01": -0.0,
        "n02": 0.0,
        "n03": 0.225,
        "n04": -0.1,
        "n05": 0.0,
        "n06": 0.075,
        "n07": -0.075,
        "n08": 0.1,
        "n09": 0.15,
        "n10": 0.1,
        "n11": 0.075,
        "n12": 0.025,
        "n13": 0.2,
        "n14": 0.15,
        "n15": -0.1,
        "n16": 0.025,
        "n17": 0.15,
        "n18": -0.025,
        "n19": 0.125,
        "n20": 0.05,
        "n21": 0.075,
        "n22": 0.075,
        "n23": -0.05,
        "n24": 0.075
      }
    }
  ]
}